Timestamp,The Catalyst,Time of Day,Interaction Friction,Conversational Tone,Rabbit Hole Depth
05/03/2026 15:58:26,Curiosity/Rabbit Hole,Afternoon,3,Conversational,Lost in the Sauce (>30 mins)
05/03/2026 22:49:30,Curiosity/Rabbit Hole,Evening,1,Conversational,The Back-and-Forth (2-10 mins)
06/03/2026 15:02:55,Urgency/Deadline,Afternoon,1,Commanding/Robotic,Hit and Run (<2 mins)
07/03/2026 19:50:24,Urgency/Deadline,Evening,2,Commanding/Robotic,Hit and Run (<2 mins)
07/03/2026 20:16:16,Curiosity/Rabbit Hole,Evening,3,Commanding/Robotic,The Back-and-Forth (2-10 mins)
08/03/2026 15:17:45,Curiosity/Rabbit Hole,Afternoon,4,Commanding/Robotic,Hit and Run (<2 mins)
09/03/2026 14:27:25,Debugging/Stuck,Afternoon,4,Conversational,Lost in the Sauce (>30 mins)
09/03/2026 17:26:09,Debugging/Stuck,Afternoon,4,Conversational,Deep Dive (10-30 mins)
10/03/2026 17:24:45,Efficiency/Laziness,Afternoon,1,Commanding/Robotic,Hit and Run (<2 mins)
10/03/2026 17:40:56,Curiosity/Rabbit Hole,Afternoon,1,Commanding/Robotic,Hit and Run (<2 mins)
10/03/2026 18:11:46,Curiosity/Rabbit Hole,Evening,1,Commanding/Robotic,Hit and Run (<2 mins)
10/03/2026 21:02:46,Blank Page Syndrome,Evening,3,Frustrated/Aggressive,Deep Dive (10-30 mins)
11/03/2026 13:30:19,Debugging/Stuck,Afternoon,4,Conversational,Lost in the Sauce (>30 mins)
11/03/2026 13:49:00,Urgency/Deadline,Afternoon,1,Conversational,Hit and Run (<2 mins)
11/03/2026 14:28:33,Debugging/Stuck,Afternoon,2,Commanding/Robotic,The Back-and-Forth (2-10 mins)
11/03/2026 14:32:37,Curiosity/Rabbit Hole,Afternoon,1,Conversational,Hit and Run (<2 mins)
11/03/2026 15:48:08,Debugging/Stuck,Afternoon,2,Commanding/Robotic,The Back-and-Forth (2-10 mins)
11/03/2026 15:59:14,Curiosity/Rabbit Hole,Afternoon,1,Commanding/Robotic,Hit and Run (<2 mins)
11/03/2026 16:58:36,Efficiency/Laziness,Afternoon,1,Commanding/Robotic,Hit and Run (<2 mins)
12/03/2026 01:21:53,Blank Page Syndrome,Late Night,3,Conversational,Lost in the Sauce (>30 mins)
12/03/2026 12:27:57,Efficiency/Laziness,Afternoon,2,Conversational,The Back-and-Forth (2-10 mins)